{
  "feature_count": 114,
  "global_medians": {
    "cosine": {
      "E_E": 0.0009867812462309167,
      "O_O": 0.0012113194752547685,
      "E_O": 0.001522915737285302,
      "E_C": 0.0009771835748054736,
      "O_C": 0.0015247958796726913
    },
    "delta": {
      "E_E": 0.7281248917935494,
      "O_O": 0.8402361869855823,
      "E_O": 0.8494043952493395,
      "E_C": 0.84575471930872,
      "O_C": 0.9141452373815437
    }
  },
  "bootstrap": {
    "cosine": {
      "n": 123,
      "median_EO": 0.0015240478544528147,
      "median_EC": 0.0009772794939143514,
      "median_OC": 0.0015195728700955202,
      "eo_gt_ee_rate": 1.0,
      "eo_gt_oo_rate": 1.0,
      "ec_lt_eo_rate": 1.0
    },
    "delta": {
      "n": 123,
      "median_EO": 0.8497283260772931,
      "median_EC": 0.8455714000576147,
      "median_OC": 0.9137188107323155,
      "eo_gt_ee_rate": 1.0,
      "eo_gt_oo_rate": 1.0,
      "ec_lt_eo_rate": 0.751
    }
  }
}